word,meaning,phonetic,example,book
apple,n. 苹果,,I ate an apple.,入门词汇
book,n. 书；v. 预订,,This book is interesting.,入门词汇
learn,v. 学习,,We learn something new every day.,入门词汇
practice,n. 练习；v. 练习,,Practice makes progress.,入门词汇
remember,v. 记得,,Remember to bring your notebook.,入门词汇
window,n. 窗户,,Please open the window.,入门词汇
question,n. 问题,,May I ask a question?,入门词汇
answer,n. 答案；v. 回答,,Write your answer here.,入门词汇
careful,adj. 小心的；仔细的,,Be careful when you cross the road.,入门词汇
keep going,phr. 继续；坚持下去,,Keep going and you will improve.,入门词汇
